,LSTM,Data,Closing
0,"[29.99264974594116, 29.238111686706542, 28.68782444000244, 28.643357467651366, 28.783109855651855, 28.831988048553466, 28.660089206695556, 28.184339714050292, 27.320855808258056, 26.018016052246093, 25.447829735279083, 25.730007362365722, 25.924194288253783, 26.02569408416748, 26.031156969070434, 25.863114070892333, 25.51289005279541, 25.091930282115936, 24.742678534984588, 25.18467969894409, 25.646239709854125, 26.12254590988159, 26.608329010009765, 27.098208141326904, 27.591067504882812, 28.076498222351074, 28.550071907043456, 29.008701515197753, 29.44561071395874, 29.294069480895995, 29.046695899963378, 28.790125560760497, 28.53168840408325, 28.279222679138183, 28.021038007736205, 27.758109760284423, 27.496271324157714, 27.24335355758667, 26.988948774337768, 26.734013509750366, 26.479586791992187, 26.22670907974243, 25.976363372802734, 25.72948474884033, 25.64024872779846, 25.775490713119506, 25.911174964904784, 26.046153020858764, 26.18025631904602, 26.313330125808715]","[29.84, 29.45, 28.53, 28.36, 28.63, 29.08, 28.78, 27.64, 27.51, 26.1, 25.41, 25.79, 26.1, 25.83, 26.42, 26.53, 25.42, 25.19, 24.45, 25.33, 26.32, 26.31, 26.51, 27.0, 27.69, 27.79, 28.44, 29.12, 29.76, 29.94, 29.95, 27.77, 28.64, 28.6, 28.3, 27.99, 27.5, 26.995, 27.44, 27.19, 27.01, 26.97, 26.8, 25.37, 25.265, 25.83, 25.83, 26.26, 27.065, 27.18]",27.355
1,"[29.36192054748535, 28.434435081481933, 28.422267150878906, 28.701209259033202, 28.900684547424316, 28.6262375831604, 28.10352725982666, 27.279493045806884, 26.156615924835204, 25.77146167755127, 26.033505630493163, 26.216767263412475, 26.309590768814086, 26.301695775985717, 26.177640390396117, 25.888687801361083, 25.512973260879516, 25.07912082672119, 25.496791434288024, 25.954795551300048, 26.422255945205688, 26.896613311767577, 27.375286293029784, 27.86447114944458, 28.356082153320312, 28.84425802230835, 29.326697540283202, 29.801521968841552, 29.697194290161132, 29.42487688064575, 29.140513610839843, 28.864596557617187, 28.622409534454345, 28.380466890335082, 28.135134887695312, 27.887248706817626, 27.64116735458374, 27.395147037506103, 27.14852900505066, 26.90205783843994, 26.65646619796753, 26.412149024009704, 26.17035837173462, 25.967613887786865, 26.128447008132934, 26.33086473941803, 26.535803508758544, 26.741550159454345, 26.94762773513794, 27.14728970527649]","[29.45, 28.53, 28.36, 28.63, 29.08, 28.78, 27.64, 27.51, 26.1, 25.41, 25.79, 26.1, 25.83, 26.42, 26.53, 25.42, 25.19, 24.45, 25.33, 26.32, 26.31, 26.51, 27.0, 27.69, 27.79, 28.44, 29.12, 29.76, 29.94, 29.95, 27.77, 28.64, 28.6, 28.3, 27.99, 27.5, 26.995, 27.44, 27.19, 27.01, 26.97, 26.8, 25.37, 25.265, 25.83, 25.83, 26.26, 27.065, 27.18, 27.355]",27.615
2,"[28.50876302719116, 28.385739517211913, 28.732116413116454, 28.811969470977782, 28.55611581802368, 27.991825294494628, 27.121064376831054, 25.959608030319213, 25.38224024772644, 25.68036527633667, 25.887267065048217, 25.987612199783324, 25.96832866668701, 25.815468740463256, 25.468927216529845, 25.030422163009643, 24.77655131816864, 25.206059527397155, 25.651611042022704, 26.10993273258209, 26.577643823623657, 27.051396083831786, 27.538324069976806, 28.03344793319702, 28.52846164703369, 29.01709098815918, 29.496196937561034, 29.513704013824462, 29.239750576019286, 28.94869966506958, 28.698525142669677, 28.456306648254394, 28.203215551376342, 27.953588199615478, 27.71677942276001, 27.47104139328003, 27.216427278518676, 26.953050327301025, 26.681119394302367, 26.401006412506103, 26.112797451019286, 25.817673516273498, 25.552563619613647, 25.79747016429901, 26.072676849365234, 26.351972532272338, 26.63442678451538, 26.919096422195434, 27.20504159927368, 27.489341688156127]","[28.53, 28.36, 28.63, 29.08, 28.78, 27.64, 27.51, 26.1, 25.41, 25.79, 26.1, 25.83, 26.42, 26.53, 25.42, 25.19, 24.45, 25.33, 26.32, 26.31, 26.51, 27.0, 27.69, 27.79, 28.44, 29.12, 29.76, 29.94, 29.95, 27.77, 28.64, 28.6, 28.3, 27.99, 27.5, 26.995, 27.44, 27.19, 27.01, 26.97, 26.8, 25.37, 25.265, 25.83, 25.83, 26.26, 27.065, 27.18, 27.355, 27.615]",28.27
3,"[28.30466718673706, 28.834082794189452, 28.814095211029052, 28.51294536590576, 27.975887966156005, 27.173272323608398, 26.07563908100128, 25.478103828430175, 25.777603697776794, 26.008986783027648, 26.176274132728576, 26.28356177806854, 26.286286664009094, 25.863012981414794, 25.39195795059204, 25.030390334129333, 25.46201808452606, 25.907955718040466, 26.365138363838195, 26.8305193901062, 27.301160526275634, 27.781765174865722, 28.262142848968505, 28.742505264282226, 29.215155792236327, 29.673465919494628, 29.55771656036377, 29.252233695983886, 28.931369972229003, 28.68767566680908, 28.47597188949585, 28.255946350097656, 28.027706336975097, 27.791298580169677, 27.546806049346923, 27.29433889389038, 27.034057807922363, 26.766175937652587, 26.49098582267761, 26.208853197097778, 25.92023344039917, 25.631058168411254, 25.844959449768066, 26.114620757102966, 26.40277464389801, 26.699966144561767, 27.002941799163818, 27.31081886291504, 27.622792434692382, 27.93585844039917]","[28.36, 28.63, 29.08, 28.78, 27.64, 27.51, 26.1, 25.41, 25.79, 26.1, 25.83, 26.42, 26.53, 25.42, 25.19, 24.45, 25.33, 26.32, 26.31, 26.51, 27.0, 27.69, 27.79, 28.44, 29.12, 29.76, 29.94, 29.95, 27.77, 28.64, 28.6, 28.3, 27.99, 27.5, 26.995, 27.44, 27.19, 27.01, 26.97, 26.8, 25.37, 25.265, 25.83, 25.83, 26.26, 27.065, 27.18, 27.355, 27.615, 28.27]",28.05
4,"[28.76975507736206, 29.403834056854247, 28.93004102706909, 27.94334120750427, 27.055880975723266, 26.487052869796752, 26.19717342853546, 26.16778082847595, 26.188572359085082, 26.2010986328125, 26.1675772190094, 26.058063220977782, 25.807165098190307, 25.49307770729065, 25.11037219762802, 25.48309690952301, 25.945003938674926, 26.417532634735107, 26.89848108291626, 27.38549132347107, 27.876073551177978, 28.367659044265746, 28.85769910812378, 29.34376926422119, 29.813094329833984, 29.67074556350708, 29.362224769592284, 29.028622817993163, 28.846804809570312, 28.65766830444336, 28.459519577026366, 28.252382469177245, 28.036312055587768, 27.81140489578247, 27.577811431884765, 27.335747909545898, 27.085501384735107, 26.82745189666748, 26.56207103729248, 26.28992314338684, 26.011670303344726, 26.092180919647216, 26.376714062690734, 26.687295627593993, 27.00721926689148, 27.333460998535156, 27.66384024620056, 27.997815322875976, 28.155394744873046, 28.155496072769164]","[28.63, 29.08, 28.78, 27.64, 27.51, 26.1, 25.41, 25.79, 26.1, 25.83, 26.42, 26.53, 25.42, 25.19, 24.45, 25.33, 26.32, 26.31, 26.51, 27.0, 27.69, 27.79, 28.44, 29.12, 29.76, 29.94, 29.95, 27.77, 28.64, 28.6, 28.3, 27.99, 27.5, 26.995, 27.44, 27.19, 27.01, 26.97, 26.8, 25.37, 25.265, 25.83, 25.83, 26.26, 27.065, 27.18, 27.355, 27.615, 28.27, 28.05]",27.93
5,"[29.10803050994873, 28.81047649383545, 27.875268411636352, 26.837913465499877, 26.182519030570983, 25.92855257987976, 25.919282269477844, 26.00871546268463, 26.09700186252594, 26.120170426368713, 26.034884881973266, 25.73703224658966, 25.332052659988403, 24.874825072288512, 25.319083404541015, 25.767205786705016, 26.219832968711852, 26.677443933486938, 27.140149307250976, 27.607575845718383, 28.078809690475463, 28.568055820465087, 29.048151206970214, 29.512909126281738, 29.778307151794433, 29.329151344299316, 28.83665771484375, 28.635612201690673, 28.46138925552368, 28.276425075531005, 28.079973649978637, 27.871178579330444, 27.649110507965087, 27.412764739990234, 27.161102724075317, 26.893084955215453, 26.6077250957489, 26.30370659828186, 25.98081464767456, 25.649875473976135, 25.897747707366943, 26.199361157417297, 26.522076082229614, 26.848375511169433, 27.17699236869812, 27.506809186935424, 27.83673138618469, 28.090281438827514, 28.090880823135375, 28.091478061676025]","[29.08, 28.78, 27.64, 27.51, 26.1, 25.41, 25.79, 26.1, 25.83, 26.42, 26.53, 25.42, 25.19, 24.45, 25.33, 26.32, 26.31, 26.51, 27.0, 27.69, 27.79, 28.44, 29.12, 29.76, 29.94, 29.95, 27.77, 28.64, 28.6, 28.3, 27.99, 27.5, 26.995, 27.44, 27.19, 27.01, 26.97, 26.8, 25.37, 25.265, 25.83, 25.83, 26.26, 27.065, 27.18, 27.355, 27.615, 28.27, 28.05, 27.93]",28.22
6,"[28.737591457366943, 27.918770265579223, 26.97026629447937, 26.21323413848877, 25.819483470916747, 25.902877521514892, 26.0244252204895, 26.101051759719848, 26.08879096508026, 25.96530599594116, 25.667381358146667, 25.293642890453338, 24.898649048805236, 25.31713534593582, 25.7404714345932, 26.170313549041747, 26.60868878364563, 27.057608556747436, 27.51876254081726, 27.993413162231445, 28.492862892150878, 28.99795265197754, 29.508692932128906, 29.739475440979003, 29.24753828048706, 28.776889991760253, 28.592942428588866, 28.420602750778198, 28.248731088638305, 28.072732639312743, 27.890044164657592, 27.69787449836731, 27.49311180114746, 27.271967363357543, 27.03059573173523, 26.764992904663085, 26.47081513404846, 26.144501399993896, 25.783935499191283, 25.913905453681945, 26.213726353645324, 26.52948064804077, 26.855080080032348, 27.186454725265502, 27.516094160079955, 27.84977717399597, 28.045595598220824, 28.045831632614135, 28.046067905426025, 28.046304178237914]","[28.78, 27.64, 27.51, 26.1, 25.41, 25.79, 26.1, 25.83, 26.42, 26.53, 25.42, 25.19, 24.45, 25.33, 26.32, 26.31, 26.51, 27.0, 27.69, 27.79, 28.44, 29.12, 29.76, 29.94, 29.95, 27.77, 28.64, 28.6, 28.3, 27.99, 27.5, 26.995, 27.44, 27.19, 27.01, 26.97, 26.8, 25.37, 25.265, 25.83, 25.83, 26.26, 27.065, 27.18, 27.355, 27.615, 28.27, 28.05, 27.93, 28.22]",28.62
7,"[27.963705492019653, 27.0586688041687, 26.179259252548217, 25.776836943626403, 25.804155540466308, 25.990940046310424, 26.148534727096557, 26.18835563659668, 26.056531143188476, 25.675330352783202, 25.22787458896637, 24.830003988742828, 25.260508489608764, 25.691973519325256, 26.126386594772338, 26.56612844467163, 27.01339406967163, 27.469771814346313, 27.936477375030517, 28.43271894454956, 28.923177433013915, 29.40182943344116, 29.584153842926025, 29.152657222747802, 28.70270891189575, 28.506936740875243, 28.31384105682373, 28.116597127914428, 27.919200134277343, 27.714442443847656, 27.501209688186645, 27.276422452926635, 27.037533235549926, 26.781742286682128, 26.506028842926025, 26.20427997112274, 25.876403880119323, 25.57945508956909, 25.837189149856567, 26.138713908195495, 26.459771347045898, 26.788894367218017, 27.124461603164672, 27.464680862426757, 27.789828729629516, 27.994697761535644, 28.07966775894165, 28.16429967880249, 28.248557758331298, 28.332410287857055]","[27.64, 27.51, 26.1, 25.41, 25.79, 26.1, 25.83, 26.42, 26.53, 25.42, 25.19, 24.45, 25.33, 26.32, 26.31, 26.51, 27.0, 27.69, 27.79, 28.44, 29.12, 29.76, 29.94, 29.95, 27.77, 28.64, 28.6, 28.3, 27.99, 27.5, 26.995, 27.44, 27.19, 27.01, 26.97, 26.8, 25.37, 25.265, 25.83, 25.83, 26.26, 27.065, 27.18, 27.355, 27.615, 28.27, 28.05, 27.93, 28.22, 28.62]",28.26
8,"[27.610237789154052, 25.963202548027038, 25.700517964363097, 25.90565354824066, 26.059305024147033, 26.06784589290619, 25.95908589363098, 25.757855248451232, 25.540924143791198, 25.358913612365722, 25.248077940940856, 25.443064284324645, 25.70550055503845, 26.03359408378601, 26.422372889518737, 26.86307520866394, 27.338899087905883, 27.831377220153808, 28.347536516189574, 28.892203521728515, 29.424657535552978, 29.618145179748534, 29.127489280700683, 28.63009853363037, 28.45205373764038, 28.271815252304076, 28.082916688919067, 27.885306072235107, 27.677495908737182, 27.4577064037323, 27.223906469345092, 26.97408504486084, 26.70629448890686, 26.418706488609313, 26.10980541706085, 25.778156113624572, 25.52604169845581, 25.81047601699829, 26.110297632217407, 26.424241971969604, 26.744343709945678, 27.067693662643432, 27.392392587661742, 27.717282247543334, 28.031924200057983, 28.097019386291503, 28.143482637405395, 28.189521503448486, 28.23514289855957, 28.257418584823608]","[27.51, 26.1, 25.41, 25.79, 26.1, 25.83, 26.42, 26.53, 25.42, 25.19, 24.45, 25.33, 26.32, 26.31, 26.51, 27.0, 27.69, 27.79, 28.44, 29.12, 29.76, 29.94, 29.95, 27.77, 28.64, 28.6, 28.3, 27.99, 27.5, 26.995, 27.44, 27.19, 27.01, 26.97, 26.8, 25.37, 25.265, 25.83, 25.83, 26.26, 27.065, 27.18, 27.355, 27.615, 28.27, 28.05, 27.93, 28.22, 28.62, 28.26]",28.29
9,"[25.583697271347045, 25.825250458717345, 25.997800421714782, 26.0727411031723, 26.0310706615448, 25.88227231502533, 25.663647246360778, 25.42474706172943, 25.212034356594085, 25.076680135726928, 25.315424513816833, 25.636254143714904, 26.030777525901794, 26.48593587875366, 26.98482747077942, 27.508592796325683, 28.038835716247558, 28.578291130065917, 29.09246082305908, 29.56837387084961, 29.61307210922241, 29.212524604797363, 28.7842866897583, 28.543524932861327, 28.33503885269165, 28.116707277297973, 27.889120292663574, 27.653864097595214, 27.411359977722167, 27.16212339401245, 26.906782817840575, 26.64609785079956, 26.380967211723327, 26.111980867385864, 25.840921235084533, 25.570202422142028, 25.72921152114868, 26.03100914955139, 26.342886281013488, 26.658088636398315, 26.974630069732665, 27.29061574935913, 27.604295921325683, 27.91399664878845, 28.046985340118407, 28.128786993026733, 28.210016918182372, 28.290657711029052, 28.317707967758178, 28.333440494537353]","[26.1, 25.41, 25.79, 26.1, 25.83, 26.42, 26.53, 25.42, 25.19, 24.45, 25.33, 26.32, 26.31, 26.51, 27.0, 27.69, 27.79, 28.44, 29.12, 29.76, 29.94, 29.95, 27.77, 28.64, 28.6, 28.3, 27.99, 27.5, 26.995, 27.44, 27.19, 27.01, 26.97, 26.8, 25.37, 25.265, 25.83, 25.83, 26.26, 27.065, 27.18, 27.355, 27.615, 28.27, 28.05, 27.93, 28.22, 28.62, 28.26, 28.29]",29.41
10,"[25.309634339809417, 25.781526279449462, 26.116908740997314, 26.278667163848876, 26.197135758399963, 25.889671754837035, 25.482820224761962, 25.119002413749694, 24.904800218343734, 25.31880189180374, 25.852780294418334, 26.214400482177734, 26.6273681640625, 27.08661551475525, 27.57533974647522, 28.082282972335815, 28.632713985443115, 29.17017240524292, 29.688173961639404, 29.83611125946045, 29.385659408569335, 28.905464839935302, 28.651270580291747, 28.445217084884643, 28.231369924545287, 28.009058904647826, 27.777659368515014, 27.536617708206176, 27.285492849349975, 27.023982954025268, 26.751974058151244, 26.46942753791809, 26.17607946395874, 25.874455642700195, 25.614779424667358, 25.87876124382019, 26.18168909549713, 26.48865885734558, 26.797548246383666, 27.10661358833313, 27.413420152664184, 27.71425528526306, 27.991788339614867, 28.123919200897216, 28.254391622543334, 28.38313479423523, 28.5100905418396, 28.63525457382202, 28.758560848236083, 28.87804765701294]","[25.41, 25.79, 26.1, 25.83, 26.42, 26.53, 25.42, 25.19, 24.45, 25.33, 26.32, 26.31, 26.51, 27.0, 27.69, 27.79, 28.44, 29.12, 29.76, 29.94, 29.95, 27.77, 28.64, 28.6, 28.3, 27.99, 27.5, 26.995, 27.44, 27.19, 27.01, 26.97, 26.8, 25.37, 25.265, 25.83, 25.83, 26.26, 27.065, 27.18, 27.355, 27.615, 28.27, 28.05, 27.93, 28.22, 28.62, 28.26, 28.29, 29.41]",30.86
11,"[25.67732937335968, 26.148121070861816, 26.318719935417175, 26.28897268772125, 26.11919469833374, 25.685828280448913, 25.16546995639801, 24.92260385751724, 25.560458731651305, 26.167071175575256, 26.433664631843566, 26.615573358535766, 26.921693992614745, 27.359170627593993, 27.83470482826233, 28.373372268676757, 28.933073711395263, 29.494486999511718, 29.86689109802246, 29.336193752288818, 28.811608505249023, 28.5949499130249, 28.378122997283935, 28.15567774772644, 27.933319520950317, 27.712330770492553, 27.49197311401367, 27.271232318878173, 27.157856893539428, 27.039350700378417, 26.871708345413207, 26.53758568763733, 25.91362268924713, 25.403348457813262, 25.66157705783844, 25.99852521419525, 26.3520015001297, 26.690594148635864, 26.985982131958007, 27.232649517059325, 27.443051052093505, 27.63286609649658, 27.81370539665222, 27.992622566223144, 28.17353935241699, 28.35851593017578, 28.604204368591308, 28.86732597351074, 29.137355041503906, 29.41402359008789]","[25.79, 26.1, 25.83, 26.42, 26.53, 25.42, 25.19, 24.45, 25.33, 26.32, 26.31, 26.51, 27.0, 27.69, 27.79, 28.44, 29.12, 29.76, 29.94, 29.95, 27.77, 28.64, 28.6, 28.3, 27.99, 27.5, 26.995, 27.44, 27.19, 27.01, 26.97, 26.8, 25.37, 25.265, 25.83, 25.83, 26.26, 27.065, 27.18, 27.355, 27.615, 28.27, 28.05, 27.93, 28.22, 28.62, 28.26, 28.29, 29.41, 30.86]",31.36
12,"[25.88907594680786, 26.318209481239318, 26.293483090400695, 25.992715549468993, 25.495297503471374, 24.91483117341995, 24.628086280822753, 25.176078152656554, 25.875665855407714, 26.252833437919616, 26.524227571487426, 26.835027408599853, 27.26795310974121, 27.795979690551757, 28.314640712738036, 28.803597164154052, 29.245554637908935, 29.57389039993286, 29.092675399780273, 28.63301248550415, 28.418612670898437, 28.193816137313842, 27.960960578918456, 27.721953105926513, 27.504380416870116, 27.3605167388916, 27.236249876022338, 27.11072654724121, 26.960284900665282, 26.731670808792114, 26.29908878803253, 25.663438391685485, 25.153766167163848, 25.28974003791809, 25.582484674453735, 25.926801753044128, 26.283147287368774, 26.623205375671386, 26.93070430755615, 27.205279541015624, 27.443664264678954, 27.662846040725707, 27.878205966949462, 28.09868903160095, 28.333379459381103, 28.5879976272583, 28.877727222442626, 29.236279678344726, 29.61121196746826, 30.00231189727783]","[26.1, 25.83, 26.42, 26.53, 25.42, 25.19, 24.45, 25.33, 26.32, 26.31, 26.51, 27.0, 27.69, 27.79, 28.44, 29.12, 29.76, 29.94, 29.95, 27.77, 28.64, 28.6, 28.3, 27.99, 27.5, 26.995, 27.44, 27.19, 27.01, 26.97, 26.8, 25.37, 25.265, 25.83, 25.83, 26.26, 27.065, 27.18, 27.355, 27.615, 28.27, 28.05, 27.93, 28.22, 28.62, 28.26, 28.29, 29.41, 30.86, 31.36]",30.92
13,"[25.951872181892394, 26.491640281677245, 26.21809525489807, 25.583047103881835, 25.169895005226135, 25.14047623872757, 25.410100293159484, 25.86212201118469, 26.306261253356933, 26.730977010726928, 27.16777558326721, 27.675990295410156, 28.223568391799926, 28.74457426071167, 29.214956951141357, 29.618298721313476, 29.800269317626952, 29.358498764038085, 28.894108009338378, 28.660784912109374, 28.450553131103515, 28.232681941986083, 28.00950880050659, 27.783730220794677, 27.556261014938354, 27.370708656311034, 27.177842807769775, 26.96834726333618, 26.72697730064392, 26.418578815460204, 26.017113399505615, 25.660582494735717, 25.855701637268066, 26.10097141265869, 26.361027193069457, 26.618079376220702, 26.860425186157226, 27.087292623519897, 27.311520767211913, 27.540773105621337, 27.779669952392577, 28.03169102668762, 28.299637031555175, 28.585942459106445, 28.89285202026367, 29.225784015655517, 29.586290550231933, 29.971235942840575, 30.38083143234253, 30.78995532989502]","[25.83, 26.42, 26.53, 25.42, 25.19, 24.45, 25.33, 26.32, 26.31, 26.51, 27.0, 27.69, 27.79, 28.44, 29.12, 29.76, 29.94, 29.95, 27.77, 28.64, 28.6, 28.3, 27.99, 27.5, 26.995, 27.44, 27.19, 27.01, 26.97, 26.8, 25.37, 25.265, 25.83, 25.83, 26.26, 27.065, 27.18, 27.355, 27.615, 28.27, 28.05, 27.93, 28.22, 28.62, 28.26, 28.29, 29.41, 30.86, 31.36, 30.92]",30.29
14,"[26.738336038589477, 26.109626960754394, 25.473254990577697, 25.141041588783263, 25.12343509197235, 25.323198628425597, 25.66326422691345, 26.092361760139465, 26.573175144195556, 27.076558303833007, 27.579663467407226, 28.065202903747558, 28.563616943359374, 28.996885967254638, 29.35404224395752, 29.589416694641113, 29.214135360717773, 28.785911273956298, 28.63411111831665, 28.455796432495116, 28.253383111953735, 28.029107761383056, 27.787838172912597, 27.598011207580566, 27.395778846740722, 27.177331399917602, 26.943691444396972, 26.69590277671814, 26.435101222991943, 26.162318062782287, 25.879890036582946, 25.991874527931213, 26.208736610412597, 26.435709071159362, 26.67248315811157, 26.918310356140136, 27.172848176956176, 27.435797882080077, 27.706582736968993, 27.984583568572997, 28.26914758682251, 28.559601497650146, 28.855265808105468, 29.155460548400878, 29.459514808654784, 29.76680154800415, 30.076718521118163, 30.388700675964355, 30.62738389968872, 30.684371662139892]","[26.42, 26.53, 25.42, 25.19, 24.45, 25.33, 26.32, 26.31, 26.51, 27.0, 27.69, 27.79, 28.44, 29.12, 29.76, 29.94, 29.95, 27.77, 28.64, 28.6, 28.3, 27.99, 27.5, 26.995, 27.44, 27.19, 27.01, 26.97, 26.8, 25.37, 25.265, 25.83, 25.83, 26.26, 27.065, 27.18, 27.355, 27.615, 28.27, 28.05, 27.93, 28.22, 28.62, 28.26, 28.29, 29.41, 30.86, 31.36, 30.92, 30.29]",30.06
15,"[26.536694240570068, 25.419740390777587, 24.883198809623718, 24.97100282907486, 25.37264699935913, 25.909385633468627, 26.306047987937927, 26.653797340393066, 27.025023412704467, 27.440097761154174, 27.898626279830932, 28.418300580978393, 28.92074794769287, 29.372496318817138, 29.638604831695556, 29.177301597595214, 28.703633499145507, 28.49598569869995, 28.277433824539184, 28.05378909111023, 27.828849744796752, 27.604422998428344, 27.38328309059143, 27.237599325180053, 27.07426495552063, 26.880365324020385, 26.620947551727294, 26.186757040023803, 25.622542810440063, 25.514443230628967, 25.75776071548462, 26.041579675674438, 26.354311180114745, 26.658983421325683, 26.933104944229125, 27.184302520751952, 27.426767301559448, 27.670158338546752, 27.91989321708679, 28.178923559188842, 28.44890923500061, 28.730784606933593, 29.025310230255126, 29.332960319519042, 29.652995777130126, 29.985319328308105, 30.328071784973144, 30.494498443603515, 30.514117431640624, 30.53250856399536]","[26.53, 25.42, 25.19, 24.45, 25.33, 26.32, 26.31, 26.51, 27.0, 27.69, 27.79, 28.44, 29.12, 29.76, 29.94, 29.95, 27.77, 28.64, 28.6, 28.3, 27.99, 27.5, 26.995, 27.44, 27.19, 27.01, 26.97, 26.8, 25.37, 25.265, 25.83, 25.83, 26.26, 27.065, 27.18, 27.355, 27.615, 28.27, 28.05, 27.93, 28.22, 28.62, 28.26, 28.29, 29.41, 30.86, 31.36, 30.92, 30.29, 30.06]",30.56
16,"[25.428707194328307, 24.828796458244323, 24.7040844976902, 25.202967596054076, 25.976936531066894, 26.32164294719696, 26.53347749710083, 26.90045256614685, 27.40593523979187, 27.945412588119506, 28.47595043182373, 28.944343757629394, 29.297126007080077, 29.4821044921875, 29.165163230895995, 28.743286323547363, 28.54199333190918, 28.301369142532348, 28.03321213722229, 27.750386905670165, 27.4640483379364, 27.23610062599182, 27.182141017913818, 27.153813314437866, 27.113078546524047, 27.000880432128906, 26.44726915359497, 25.48051447868347, 25.350293946266174, 25.58006043434143, 25.879023027420043, 26.247879934310912, 26.646240186691283, 27.013995599746703, 27.32641453742981, 27.534845066070556, 27.702859354019164, 27.862448167800903, 28.01179690361023, 28.178357553482055, 28.37843222618103, 28.64865322113037, 28.993656349182128, 29.368736457824706, 29.76785202026367, 30.18111629486084, 30.290965270996093, 30.313144874572753, 30.333872032165527, 30.353244018554687]","[25.42, 25.19, 24.45, 25.33, 26.32, 26.31, 26.51, 27.0, 27.69, 27.79, 28.44, 29.12, 29.76, 29.94, 29.95, 27.77, 28.64, 28.6, 28.3, 27.99, 27.5, 26.995, 27.44, 27.19, 27.01, 26.97, 26.8, 25.37, 25.265, 25.83, 25.83, 26.26, 27.065, 27.18, 27.355, 27.615, 28.27, 28.05, 27.93, 28.22, 28.62, 28.26, 28.29, 29.41, 30.86, 31.36, 30.92, 30.29, 30.06, 30.56]",30.95
17,"[24.828838419914245, 24.90170536637306, 25.255510520935058, 25.82186598777771, 26.25803656578064, 26.57507367134094, 26.985242080688476, 27.52478928565979, 28.075001668930053, 28.59560317993164, 29.044526767730712, 29.389713954925536, 29.538407039642333, 29.340373706817626, 29.07047243118286, 28.780329418182372, 28.46708936691284, 28.145786476135253, 27.82842607498169, 27.524055433273315, 27.27093358039856, 27.191666078567504, 27.157607507705688, 27.148918104171752, 27.033595752716064, 26.68181128501892, 25.92932171821594, 25.30542035102844, 25.46412785053253, 25.743834686279296, 26.094746541976928, 26.483098459243774, 26.846785497665405, 27.15634341239929, 27.399023008346557, 27.593327713012695, 27.775708150863647, 27.919760179519653, 28.075807762145995, 28.266033124923705, 28.505588245391845, 28.8562762260437, 29.252141666412353, 29.679522228240966, 30.131607723236083, 30.476371479034423, 30.505426120758056, 30.52585096359253, 30.545152378082275, 30.56339807510376]","[25.19, 24.45, 25.33, 26.32, 26.31, 26.51, 27.0, 27.69, 27.79, 28.44, 29.12, 29.76, 29.94, 29.95, 27.77, 28.64, 28.6, 28.3, 27.99, 27.5, 26.995, 27.44, 27.19, 27.01, 26.97, 26.8, 25.37, 25.265, 25.83, 25.83, 26.26, 27.065, 27.18, 27.355, 27.615, 28.27, 28.05, 27.93, 28.22, 28.62, 28.26, 28.29, 29.41, 30.86, 31.36, 30.92, 30.29, 30.06, 30.56, 30.95]",31.18
18,"[24.44302741885185, 25.455149960517883, 26.029776048660278, 26.279579591751098, 26.568738174438476, 26.99765272140503, 27.523921918869018, 28.094436836242675, 28.673784446716308, 29.170544815063476, 29.51793212890625, 29.638817024230956, 29.38771457672119, 29.05196304321289, 28.733517837524413, 28.4413489818573, 28.161820363998412, 27.901457023620605, 27.664001655578613, 27.448833656311034, 27.36450309753418, 27.277232837677, 27.171589803695678, 27.008018684387206, 26.636442375183105, 25.737278413772582, 25.434117090702056, 25.73593337535858, 26.095498275756835, 26.4809522151947, 26.840734910964965, 27.130351257324218, 27.377236795425414, 27.600086879730224, 27.803287935256957, 28.00455470085144, 28.21044464111328, 28.426353406906127, 28.65731544494629, 28.929769706726074, 29.267686557769775, 29.625660133361816, 30.003674697875976, 30.348282051086425, 30.492953491210937, 30.593186569213866, 30.690755558013915, 30.786782455444335, 30.881337356567382, 30.96581048965454]","[24.45, 25.33, 26.32, 26.31, 26.51, 27.0, 27.69, 27.79, 28.44, 29.12, 29.76, 29.94, 29.95, 27.77, 28.64, 28.6, 28.3, 27.99, 27.5, 26.995, 27.44, 27.19, 27.01, 26.97, 26.8, 25.37, 25.265, 25.83, 25.83, 26.26, 27.065, 27.18, 27.355, 27.615, 28.27, 28.05, 27.93, 28.22, 28.62, 28.26, 28.29, 29.41, 30.86, 31.36, 30.92, 30.29, 30.06, 30.56, 30.95, 31.18]",30.96
19,"[25.329377546310425, 26.16973395586014, 26.434998168945313, 26.62785901069641, 26.984056725502015, 27.47102059364319, 28.068297758102418, 28.73979295730591, 29.339870586395264, 29.71686948776245, 29.791514530181885, 29.386447563171387, 28.84591449737549, 28.675881996154786, 28.445959701538087, 28.1995760345459, 27.947547569274903, 27.70591057777405, 27.48603452682495, 27.380005254745484, 27.282287731170655, 27.191562070846558, 27.09533072948456, 26.813103094100953, 25.6916177713871, 25.673060163259507, 26.01533849477768, 26.388330950737, 26.763226642608643, 27.093368425369263, 27.352231874465943, 27.561460628509522, 27.73272885322571, 27.906054153442383, 28.09595622062683, 28.31045497894287, 28.556721105575562, 28.84325231552124, 29.195735111236573, 29.605332984924317, 30.057412281036378, 30.50387586593628, 30.744764461517335, 30.818876876831055, 30.892676963806153, 30.966314449310303, 31.03982032775879, 31.111123218536378, 31.141939296722413, 31.168065204620362]","[25.33, 26.32, 26.31, 26.51, 27.0, 27.69, 27.79, 28.44, 29.12, 29.76, 29.94, 29.95, 27.77, 28.64, 28.6, 28.3, 27.99, 27.5, 26.995, 27.44, 27.19, 27.01, 26.97, 26.8, 25.37, 25.265, 25.83, 25.83, 26.26, 27.065, 27.18, 27.355, 27.615, 28.27, 28.05, 27.93, 28.22, 28.62, 28.26, 28.29, 29.41, 30.86, 31.36, 30.92, 30.29, 30.06, 30.56, 30.95, 31.18, 30.96]",30.89
20,"[26.25612731218338, 26.39768828392029, 26.571475281715394, 26.896551146507264, 27.397449865341187, 28.016227378845215, 28.650549545288087, 29.1860262298584, 29.526581420898438, 29.615736618041993, 29.267152919769288, 28.74950756072998, 28.569895877838135, 28.360290660858155, 28.132443084716797, 27.9016868019104, 27.67581428527832, 27.458830966949463, 27.325225009918213, 27.18673159122467, 27.019019379615784, 26.779647364616395, 26.354016675949097, 25.642044260501862, 25.51861841917038, 25.77149780035019, 26.03422607421875, 26.304068937301636, 26.579075112342835, 26.858039631843567, 27.140084280967713, 27.386862888336182, 27.620263233184815, 27.862927570343018, 28.116260662078858, 28.381127490997315, 28.658359661102295, 28.948789730072022, 29.25762046813965, 29.583612575531006, 29.924444332122803, 30.261002674102784, 30.417027130126954, 30.495175018310547, 30.572637691497803, 30.64945281982422, 30.725655689239503, 30.801278247833253, 30.832781925201417, 30.851269855499268]","[26.32, 26.31, 26.51, 27.0, 27.69, 27.79, 28.44, 29.12, 29.76, 29.94, 29.95, 27.77, 28.64, 28.6, 28.3, 27.99, 27.5, 26.995, 27.44, 27.19, 27.01, 26.97, 26.8, 25.37, 25.265, 25.83, 25.83, 26.26, 27.065, 27.18, 27.355, 27.615, 28.27, 28.05, 27.93, 28.22, 28.62, 28.26, 28.29, 29.41, 30.86, 31.36, 30.92, 30.29, 30.06, 30.56, 30.95, 31.18, 30.96, 30.89]",30.76
21,"[26.247886970043183, 26.667695894241334, 26.99523843765259, 27.368063106536866, 27.91530074119568, 28.606769933700562, 29.280586853027344, 29.728449954986573, 29.797926082611085, 29.374554290771485, 28.678552522659302, 28.546108379364014, 28.35421766281128, 28.112394466400147, 27.868512048721314, 27.636917724609376, 27.42576159477234, 27.353696956634522, 27.28880895614624, 27.204680695533753, 27.063031210899354, 26.738307251930237, 25.936268343925477, 25.50127130687237, 25.836855068206788, 26.194482579231263, 26.539612307548524, 26.846503987312317, 27.108942046165467, 27.334980144500733, 27.53703893661499, 27.721303358078003, 27.908478393554688, 28.111971273422242, 28.341841592788697, 28.60890425682068, 28.925518169403077, 29.306876792907715, 29.750782623291016, 30.251324310302735, 30.621970310211182, 30.691138401031495, 30.752319469451905, 30.813319339752198, 30.874189987182618, 30.934978618621827, 30.99572624206543, 31.020131244659424, 31.030831470489503, 31.040967121124268]","[26.31, 26.51, 27.0, 27.69, 27.79, 28.44, 29.12, 29.76, 29.94, 29.95, 27.77, 28.64, 28.6, 28.3, 27.99, 27.5, 26.995, 27.44, 27.19, 27.01, 26.97, 26.8, 25.37, 25.265, 25.83, 25.83, 26.26, 27.065, 27.18, 27.355, 27.615, 28.27, 28.05, 27.93, 28.22, 28.62, 28.26, 28.29, 29.41, 30.86, 31.36, 30.92, 30.29, 30.06, 30.56, 30.95, 31.18, 30.96, 30.89, 30.76]",30.59
22,"[26.480802907943726, 27.045842185020447, 27.42119945526123, 27.85677041053772, 28.537899866104127, 29.315490379333497, 29.889241828918458, 30.011864318847657, 29.547759189605713, 28.596293106079102, 28.522399320602418, 28.367680444717408, 28.142161502838135, 27.875116720199586, 27.597990169525147, 27.355205430984498, 27.271584882736207, 27.20994950771332, 27.145927681922913, 27.029071345329285, 26.57702244758606, 25.64652799010277, 25.351040869355202, 25.632546677589417, 25.976548388004304, 26.38394464492798, 26.795279397964478, 27.145138278007508, 27.390853538513184, 27.56859721183777, 27.711346998214722, 27.86143268585205, 28.032571449279786, 28.23311866760254, 28.47239984512329, 28.760558500289918, 29.113701000213624, 29.537577285766602, 30.0142036819458, 30.439681186676026, 30.517567291259766, 30.566578998565674, 30.615922107696534, 30.665604248046876, 30.71562828063965, 30.762722148895264, 30.76486219406128, 30.76629795074463, 30.767347469329835, 30.76804174423218]","[26.51, 27.0, 27.69, 27.79, 28.44, 29.12, 29.76, 29.94, 29.95, 27.77, 28.64, 28.6, 28.3, 27.99, 27.5, 26.995, 27.44, 27.19, 27.01, 26.97, 26.8, 25.37, 25.265, 25.83, 25.83, 26.26, 27.065, 27.18, 27.355, 27.615, 28.27, 28.05, 27.93, 28.22, 28.62, 28.26, 28.29, 29.41, 30.86, 31.36, 30.92, 30.29, 30.06, 30.56, 30.95, 31.18, 30.96, 30.89, 30.76, 30.59]",29.52
23,"[27.086210384368897, 27.525832071304322, 27.8579012298584, 28.4747487449646, 29.251819982528687, 29.777961864471436, 29.843540802001954, 29.41770185470581, 28.622661962509156, 28.488525524139405, 28.305788888931275, 28.080639972686768, 27.840765132904053, 27.607015743255616, 27.388889207839966, 27.30938829421997, 27.21074475288391, 27.067609324455262, 26.80267228126526, 26.225833549499512, 25.322091027498246, 25.340850427150727, 25.704174681901932, 26.072140946388245, 26.438370718955994, 26.772931232452393, 27.055735721588135, 27.294751777648926, 27.50378574371338, 27.674387588500977, 27.83871187210083, 28.01517261505127, 28.20968116760254, 28.443849935531617, 28.766447677612305, 29.14657081604004, 29.597086563110352, 30.112244262695313, 30.65668357849121, 30.717799797058106, 30.727965965270997, 30.737227096557618, 30.745640888214112, 30.753263607025147, 30.7547780418396, 30.748715534210206, 30.742253913879395, 30.73543228149414, 30.728287830352784, 30.720854415893555]","[27.0, 27.69, 27.79, 28.44, 29.12, 29.76, 29.94, 29.95, 27.77, 28.64, 28.6, 28.3, 27.99, 27.5, 26.995, 27.44, 27.19, 27.01, 26.97, 26.8, 25.37, 25.265, 25.83, 25.83, 26.26, 27.065, 27.18, 27.355, 27.615, 28.27, 28.05, 27.93, 28.22, 28.62, 28.26, 28.29, 29.41, 30.86, 31.36, 30.92, 30.29, 30.06, 30.56, 30.95, 31.18, 30.96, 30.89, 30.76, 30.59, 29.52]",28.66
24,"[27.631662740707398, 27.744701280593873, 28.212739839553834, 29.12586654663086, 29.785413398742676, 29.90996946334839, 29.4552756690979, 28.43245114326477, 28.41802348136902, 28.30610360145569, 28.097110166549683, 27.844375982284546, 27.58733500480652, 27.34399069786072, 27.235757365226746, 27.119730129241944, 26.9776966714859, 26.74972774028778, 26.205670013427735, 25.342987402677537, 25.06348411679268, 25.359714142382145, 25.718513592481614, 26.123007192611695, 26.529867186546326, 26.89354516506195, 27.186241879463196, 27.426736726760865, 27.62289132118225, 27.77052535057068, 27.93537081718445, 28.126268997192383, 28.350978507995606, 28.618655576705933, 28.960744276046753, 29.39130558013916, 29.874732627868653, 30.411051406860352, 30.578467502593995, 30.60564531326294, 30.62606824874878, 30.639204635620118, 30.6444264793396, 30.64109338760376, 30.53783525466919, 30.367160930633545, 30.18611349105835, 29.997861518859864, 29.806276454925538, 29.622187271118165]","[27.69, 27.79, 28.44, 29.12, 29.76, 29.94, 29.95, 27.77, 28.64, 28.6, 28.3, 27.99, 27.5, 26.995, 27.44, 27.19, 27.01, 26.97, 26.8, 25.37, 25.265, 25.83, 25.83, 26.26, 27.065, 27.18, 27.355, 27.615, 28.27, 28.05, 27.93, 28.22, 28.62, 28.26, 28.29, 29.41, 30.86, 31.36, 30.92, 30.29, 30.06, 30.56, 30.95, 31.18, 30.96, 30.89, 30.76, 30.59, 29.52, 28.66]",28.77
25,"[27.715518131256104, 28.440493478775025, 29.248567476272584, 29.853691711425782, 29.971276416778565, 29.52502883911133, 28.710863962173462, 28.593559637069703, 28.418117895126343, 28.204481019973755, 27.969720735549927, 27.735412015914918, 27.517304077148438, 27.376395835876465, 27.256615533828736, 27.153018727302552, 27.054695620536805, 26.823314085006714, 25.929998173713685, 25.563115730285645, 25.913203015327454, 26.2633446598053, 26.59407474040985, 26.902259483337403, 27.165372862815858, 27.390073671340943, 27.585558309555054, 27.761930837631226, 27.92079676628113, 28.10033501625061, 28.308671369552613, 28.552697076797486, 28.840431108474732, 29.226472988128663, 29.703085079193116, 30.25334228515625, 30.605073585510254, 30.696644916534424, 30.78086627960205, 30.85290111541748, 30.90650333404541, 30.933671131134034, 30.92424310684204, 30.86537899017334, 30.715164318084717, 30.42355312347412, 30.02461446762085, 29.50683750152588, 29.058845415115357, 29.019899740219117]","[27.79, 28.44, 29.12, 29.76, 29.94, 29.95, 27.77, 28.64, 28.6, 28.3, 27.99, 27.5, 26.995, 27.44, 27.19, 27.01, 26.97, 26.8, 25.37, 25.265, 25.83, 25.83, 26.26, 27.065, 27.18, 27.355, 27.615, 28.27, 28.05, 27.93, 28.22, 28.62, 28.26, 28.29, 29.41, 30.86, 31.36, 30.92, 30.29, 30.06, 30.56, 30.95, 31.18, 30.96, 30.89, 30.76, 30.59, 29.52, 28.66, 28.77]",28.86
26,"[28.361479415893555, 29.230484619140626, 29.81013692855835, 29.983260765075684, 29.55241216659546, 28.264917030334473, 28.439114227294922, 28.447933807373047, 28.26621593475342, 27.961601867675782, 27.57695306777954, 27.273824586868287, 27.21914137840271, 27.14563406944275, 27.070205821990967, 26.982743873596192, 26.58690990447998, 25.64163322687149, 25.367912575006486, 25.664371683597565, 26.036407008171082, 26.4809081697464, 26.904952063560486, 27.23743905067444, 27.49722255706787, 27.721368684768677, 27.85989369392395, 27.970504894256592, 28.098823680877686, 28.259431734085084, 28.47914041519165, 28.778100147247315, 29.224067583084107, 29.739443435668946, 30.307117595672608, 30.596319332122803, 30.68781484603882, 30.776091232299805, 30.859471454620362, 30.935833587646485, 31.00354970932007, 31.057160511016846, 31.08043493270874, 30.929408683776856, 30.66292776107788, 30.321648254394532, 29.897937908172608, 29.382131233215333, 29.076665773391724, 29.050521745681763]","[28.44, 29.12, 29.76, 29.94, 29.95, 27.77, 28.64, 28.6, 28.3, 27.99, 27.5, 26.995, 27.44, 27.19, 27.01, 26.97, 26.8, 25.37, 25.265, 25.83, 25.83, 26.26, 27.065, 27.18, 27.355, 27.615, 28.27, 28.05, 27.93, 28.22, 28.62, 28.26, 28.29, 29.41, 30.86, 31.36, 30.92, 30.29, 30.06, 30.56, 30.95, 31.18, 30.96, 30.89, 30.76, 30.59, 29.52, 28.66, 28.77, 28.86]",28.6
27,"[29.106577291488648, 30.092197551727295, 29.913309230804444, 29.444784297943116, 28.9965149307251, 28.639584197998047, 28.362460508346558, 28.13742841720581, 27.94004119873047, 27.75111068725586, 27.557603731155396, 27.469584121704102, 27.36226881980896, 27.213317646980286, 26.979518308639527, 26.566098585128785, 25.792714729309083, 25.49686855018139, 25.863573803901673, 26.218779816627503, 26.5582265996933, 26.87878538608551, 27.17865146636963, 27.459154739379883, 27.670872821807862, 27.845201625823975, 28.029203310012818, 28.227199687957764, 28.442597284317017, 28.678759231567383, 28.943252935409546, 29.282394542694092, 29.66210283279419, 30.077264919281006, 30.463977947235108, 30.563217296600342, 30.657303943634034, 30.74411596298218, 30.821146144866944, 30.885447635650635, 30.9334308052063, 30.920251026153565, 30.79599775314331, 30.437040462493897, 29.984887256622315, 29.430595531463624, 28.829075946807862, 28.72518123626709, 28.705031051635743, 28.686042919158936]","[29.12, 29.76, 29.94, 29.95, 27.77, 28.64, 28.6, 28.3, 27.99, 27.5, 26.995, 27.44, 27.19, 27.01, 26.97, 26.8, 25.37, 25.265, 25.83, 25.83, 26.26, 27.065, 27.18, 27.355, 27.615, 28.27, 28.05, 27.93, 28.22, 28.62, 28.26, 28.29, 29.41, 30.86, 31.36, 30.92, 30.29, 30.06, 30.56, 30.95, 31.18, 30.96, 30.89, 30.76, 30.59, 29.52, 28.66, 28.77, 28.86, 28.6]",29.29
28,"[29.79237855911255, 30.212192668914795, 29.334854259490967, 28.709566488265992, 28.43689645767212, 28.34062255859375, 28.10265459060669, 27.84193886756897, 27.61394847869873, 27.403545274734498, 27.311486139297486, 27.20335234642029, 27.050459518432618, 26.80868543624878, 26.402702465057374, 25.673012062311173, 25.217959209680558, 25.577108010053635, 25.936021163463593, 26.35581768989563, 26.75984419822693, 27.120908632278443, 27.43099726676941, 27.68766082763672, 27.89475001335144, 27.96247281074524, 28.022744312286378, 28.123761310577393, 28.28741325378418, 28.541825904846192, 28.92761649131775, 29.489502086639405, 30.263563289642335, 30.63961042404175, 30.703750743865967, 30.764543190002442, 30.81978620529175, 30.86663450241089, 30.90141357421875, 30.91934503555298, 30.914309635162354, 30.86608995437622, 30.616213932037354, 30.243490352630616, 29.751271858215333, 29.129997863769532, 28.9286381149292, 28.928536310195923, 28.928419246673585, 28.92829026222229]","[29.76, 29.94, 29.95, 27.77, 28.64, 28.6, 28.3, 27.99, 27.5, 26.995, 27.44, 27.19, 27.01, 26.97, 26.8, 25.37, 25.265, 25.83, 25.83, 26.26, 27.065, 27.18, 27.355, 27.615, 28.27, 28.05, 27.93, 28.22, 28.62, 28.26, 28.29, 29.41, 30.86, 31.36, 30.92, 30.29, 30.06, 30.56, 30.95, 31.18, 30.96, 30.89, 30.76, 30.59, 29.52, 28.66, 28.77, 28.86, 28.6, 29.29]",28.23
29,"[30.227366104125977, 29.438089027404786, 28.831879749298096, 28.51647032737732, 28.324653282165528, 28.078007831573487, 27.871452465057374, 27.703873291015626, 27.56409658432007, 27.441085472106934, 27.322294607162476, 27.18761600494385, 26.986736192703248, 26.56116904258728, 25.53353069663048, 25.325991778969765, 25.788200750350953, 26.21611858844757, 26.602369918823243, 26.943257942199708, 27.23916925430298, 27.49411596298218, 27.715133323669434, 27.885655059814454, 28.0080477142334, 28.156358375549317, 28.340344800949097, 28.5715083026886, 28.86342586517334, 29.25543846130371, 29.75711311340332, 30.36717571258545, 30.70673240661621, 30.801213397979737, 30.890797271728516, 30.97250617980957, 31.042594089508057, 31.096359386444092, 31.127903594970704, 31.128802909851075, 31.01034511566162, 30.67564977645874, 30.209375038146973, 29.61117853164673, 28.970323219299317, 28.797194137573243, 28.796457901000977, 28.79699052810669, 28.797462358474732, 28.79787982940674]","[29.94, 29.95, 27.77, 28.64, 28.6, 28.3, 27.99, 27.5, 26.995, 27.44, 27.19, 27.01, 26.97, 26.8, 25.37, 25.265, 25.83, 25.83, 26.26, 27.065, 27.18, 27.355, 27.615, 28.27, 28.05, 27.93, 28.22, 28.62, 28.26, 28.29, 29.41, 30.86, 31.36, 30.92, 30.29, 30.06, 30.56, 30.95, 31.18, 30.96, 30.89, 30.76, 30.59, 29.52, 28.66, 28.77, 28.86, 28.6, 29.29, 28.23]",27.93
30,"[29.94397605895996, 27.7550541305542, 28.615127935409546, 28.546656980514527, 28.182807579040528, 27.800219192504883, 27.491060152053834, 27.278638973236085, 27.154435172080994, 27.098337664604188, 27.077910199165345, 27.015113248825074, 26.6634831571579, 25.469768255352975, 25.228457807898522, 25.614767446517945, 26.000557556152344, 26.386637105941773, 26.767658009529114, 27.103290333747864, 27.390454664230347, 27.634298219680787, 27.844057455062867, 27.95763195991516, 28.002259149551392, 28.084915533065796, 28.232914819717408, 28.48142279624939, 28.88408769607544, 29.48921407699585, 30.350312366485596, 30.612253799438477, 30.67575849533081, 30.733141555786133, 30.78317846298218, 30.824568881988526, 30.853314533233643, 30.866736068725587, 30.861721649169922, 30.76476396560669, 30.510822429656983, 30.146597995758057, 29.727578296661378, 29.27539981842041, 29.083884134292603, 28.935040130615235, 28.782096757888795, 28.62521900177002, 28.46463002204895, 28.30055202484131]","[29.95, 27.77, 28.64, 28.6, 28.3, 27.99, 27.5, 26.995, 27.44, 27.19, 27.01, 26.97, 26.8, 25.37, 25.265, 25.83, 25.83, 26.26, 27.065, 27.18, 27.355, 27.615, 28.27, 28.05, 27.93, 28.22, 28.62, 28.26, 28.29, 29.41, 30.86, 31.36, 30.92, 30.29, 30.06, 30.56, 30.95, 31.18, 30.96, 30.89, 30.76, 30.59, 29.52, 28.66, 28.77, 28.86, 28.6, 29.29, 28.23, 27.93]",28.68
31,"[27.629267110824586, 28.56732095718384, 28.56982316017151, 28.225461854934693, 27.832684650421143, 27.527259721755982, 27.333278074264527, 27.229176177978516, 27.181916608810425, 27.151077880859376, 27.056842699050904, 26.65816987991333, 25.402041419744492, 25.358110360205174, 25.777651920318604, 26.181890680789948, 26.57338203430176, 26.93122018814087, 27.231150999069214, 27.477676763534546, 27.680106534957886, 27.851280822753907, 27.927474393844605, 28.02570237159729, 28.161527767181397, 28.350785627365113, 28.612564697265626, 28.976862564086915, 29.47448362350464, 30.121648445129395, 30.58759750366211, 30.656727924346924, 30.721714630126954, 30.780700340270997, 30.831395282745362, 30.87137617111206, 30.89670099258423, 30.90284646987915, 30.884324684143067, 30.587487354278565, 30.174451007843018, 29.664693965911866, 29.075697793960572, 28.935488595962525, 28.85921420097351, 28.781621351242066, 28.702779903411866, 28.62275685310364, 28.55485571861267, 28.557396068573]","[27.77, 28.64, 28.6, 28.3, 27.99, 27.5, 26.995, 27.44, 27.19, 27.01, 26.97, 26.8, 25.37, 25.265, 25.83, 25.83, 26.26, 27.065, 27.18, 27.355, 27.615, 28.27, 28.05, 27.93, 28.22, 28.62, 28.26, 28.29, 29.41, 30.86, 31.36, 30.92, 30.29, 30.06, 30.56, 30.95, 31.18, 30.96, 30.89, 30.76, 30.59, 29.52, 28.66, 28.77, 28.86, 28.6, 29.29, 28.23, 27.93, 28.68]",28.99
32,"[28.74016965866089, 28.81164731025696, 28.377926483154297, 27.8946923160553, 27.54369439125061, 27.349516763687134, 27.268692150115967, 27.23515941143036, 27.172585859298707, 26.98562611579895, 26.525950565338135, 25.549716814756394, 25.35763253211975, 25.763156011104584, 26.166163935661316, 26.55437578201294, 26.92243398666382, 27.25643409729004, 27.55071105003357, 27.801957740783692, 28.01275290489197, 28.04464973449707, 28.064070596694947, 28.123497381210328, 28.25242961883545, 28.49070514678955, 28.895072593688965, 29.535856380462647, 30.463040008544922, 30.640126361846924, 30.684251441955567, 30.72535671234131, 30.762437477111817, 30.80035842895508, 30.829563274383545, 30.84709753036499, 30.850415363311768, 30.79593719482422, 30.50772346496582, 30.129930152893067, 29.68436492919922, 29.173570766448975, 28.872317924499512, 28.80223430633545, 28.736888065338135, 28.699083223342896, 28.660618915557862, 28.64854730606079, 28.652115001678467, 28.65543426513672]","[28.64, 28.6, 28.3, 27.99, 27.5, 26.995, 27.44, 27.19, 27.01, 26.97, 26.8, 25.37, 25.265, 25.83, 25.83, 26.26, 27.065, 27.18, 27.355, 27.615, 28.27, 28.05, 27.93, 28.22, 28.62, 28.26, 28.29, 29.41, 30.86, 31.36, 30.92, 30.29, 30.06, 30.56, 30.95, 31.18, 30.96, 30.89, 30.76, 30.59, 29.52, 28.66, 28.77, 28.86, 28.6, 29.29, 28.23, 27.93, 28.68, 28.99]",29.05
33,"[28.716940536499024, 28.40589035987854, 27.861172332763672, 27.46465958595276, 27.264708890914918, 27.2030019903183, 27.202102794647217, 27.18454803466797, 27.050040855407715, 26.585104360580445, 25.391116544008256, 25.300744160413743, 25.64546383857727, 26.04512526035309, 26.44107855796814, 26.821994676589966, 27.175568714141846, 27.490216150283814, 27.755408897399903, 27.96464909553528, 28.023225202560425, 28.065507068634034, 28.115900888442994, 28.20656265258789, 28.38253010749817, 28.723666563034058, 29.34476293563843, 30.33501256942749, 30.695349826812745, 30.742102756500245, 30.78247751235962, 30.815201892852784, 30.840095176696778, 30.860744609832764, 30.86765302658081, 30.854070320129395, 30.813914909362794, 30.70446409225464, 30.388100757598878, 29.91937126159668, 29.33917106628418, 28.956124200820923, 28.94889868736267, 28.94416178703308, 28.939362421035767, 28.93451894760132, 28.931205167770386, 28.933041467666627, 28.934759511947632, 28.936371936798096]","[28.6, 28.3, 27.99, 27.5, 26.995, 27.44, 27.19, 27.01, 26.97, 26.8, 25.37, 25.265, 25.83, 25.83, 26.26, 27.065, 27.18, 27.355, 27.615, 28.27, 28.05, 27.93, 28.22, 28.62, 28.26, 28.29, 29.41, 30.86, 31.36, 30.92, 30.29, 30.06, 30.56, 30.95, 31.18, 30.96, 30.89, 30.76, 30.59, 29.52, 28.66, 28.77, 28.86, 28.6, 29.29, 28.23, 27.93, 28.68, 28.99, 29.05]",28.95
34,"[28.348199977874756, 27.917616024017335, 27.41295184135437, 27.185579433441163, 27.147161140441895, 27.162682905197144, 27.15693832874298, 27.009861602783204, 26.51766420841217, 25.305303573012353, 25.247078149914742, 25.551351263523102, 25.885293378829957, 26.31353355884552, 26.732624187469483, 27.122398748397828, 27.465068712234498, 27.746826782226563, 27.960804834365845, 28.10009922027588, 28.169999256134034, 28.203721418380738, 28.26393069267273, 28.427627696990967, 28.814421787261963, 29.580231800079346, 30.740784301757813, 30.796620025634766, 30.824555053710938, 30.849014415740967, 30.868155612945557, 30.891134395599366, 30.919101371765137, 30.928594722747803, 30.90949644088745, 30.846165790557862, 30.583912029266358, 30.15499605178833, 29.533208980560303, 28.755503311157227, 28.72459758758545, 28.733153953552247, 28.741058959960938, 28.74836672782898, 28.755111112594605, 28.761335983276368, 28.767081155776978, 28.77238310813904, 28.777275695800782, 28.781789436340333]","[28.3, 27.99, 27.5, 26.995, 27.44, 27.19, 27.01, 26.97, 26.8, 25.37, 25.265, 25.83, 25.83, 26.26, 27.065, 27.18, 27.355, 27.615, 28.27, 28.05, 27.93, 28.22, 28.62, 28.26, 28.29, 29.41, 30.86, 31.36, 30.92, 30.29, 30.06, 30.56, 30.95, 31.18, 30.96, 30.89, 30.76, 30.59, 29.52, 28.66, 28.77, 28.86, 28.6, 29.29, 28.23, 27.93, 28.68, 28.99, 29.05, 28.95]",28.74
35,"[28.00744737625122, 27.422822847366334, 27.252770676612855, 27.254654183387757, 27.271965160369874, 27.235035314559937, 27.063068165779114, 26.59636808872223, 25.540436341762543, 25.365850254297257, 25.688616588115693, 26.02587135076523, 26.442605628967286, 26.849356904029847, 27.205314412117005, 27.503850116729737, 27.743187799453736, 27.925376071929932, 28.03410972595215, 28.10013641357422, 28.15722836494446, 28.23964919090271, 28.395425214767457, 28.71506561279297, 29.45225109100342, 30.545306816101075, 30.65682472229004, 30.71373094558716, 30.765086307525635, 30.809812679290772, 30.84496129989624, 30.86944164276123, 30.875740661621094, 30.857995166778565, 30.806630744934083, 30.559854640960694, 30.09909881591797, 29.511317863464356, 28.808519496917725, 28.706193580627442, 28.701633825302125, 28.699226512908936, 28.700173988342286, 28.702552452087403, 28.704706325531006, 28.706657304763795, 28.708426370620728, 28.710030689239503, 28.711479558944703, 28.71277250289917]","[27.99, 27.5, 26.995, 27.44, 27.19, 27.01, 26.97, 26.8, 25.37, 25.265, 25.83, 25.83, 26.26, 27.065, 27.18, 27.355, 27.615, 28.27, 28.05, 27.93, 28.22, 28.62, 28.26, 28.29, 29.41, 30.86, 31.36, 30.92, 30.29, 30.06, 30.56, 30.95, 31.18, 30.96, 30.89, 30.76, 30.59, 29.52, 28.66, 28.77, 28.86, 28.6, 29.29, 28.23, 27.93, 28.68, 28.99, 29.05, 28.95, 28.74]",28.08
36,"[27.42852701187134, 27.150643124580384, 27.205760374069214, 27.268238916397095, 27.186000957489014, 26.89536322593689, 26.384051814079285, 25.762350722551346, 25.558698638677598, 25.71560294866562, 26.025411143302918, 26.42710126876831, 26.857058897018433, 27.2602449798584, 27.597592725753785, 27.847916259765626, 28.007660760879517, 28.087654008865357, 28.11661876678467, 28.131649866104127, 28.186937227249146, 28.354751958847046, 28.74595417022705, 29.547995700836182, 30.734213962554932, 30.776698246002198, 30.795384540557862, 30.809766902923585, 30.817661418914795, 30.85300983428955, 30.877422466278077, 30.88220609664917, 30.859654083251954, 30.79834951400757, 30.586320056915284, 30.150202407836915, 29.561355724334717, 28.860738410949708, 28.716236486434937, 28.709733381271363, 28.702934160232545, 28.69586886405945, 28.688563718795777, 28.681042804718018, 28.673326625823975, 28.665434732437134, 28.65738429069519, 28.649190797805787, 28.640869035720826, 28.632433309555054]","[27.5, 26.995, 27.44, 27.19, 27.01, 26.97, 26.8, 25.37, 25.265, 25.83, 25.83, 26.26, 27.065, 27.18, 27.355, 27.615, 28.27, 28.05, 27.93, 28.22, 28.62, 28.26, 28.29, 29.41, 30.86, 31.36, 30.92, 30.29, 30.06, 30.56, 30.95, 31.18, 30.96, 30.89, 30.76, 30.59, 29.52, 28.66, 28.77, 28.86, 28.6, 29.29, 28.23, 27.93, 28.68, 28.99, 29.05, 28.95, 28.74, 28.08]",27.29
37,"[27.004984512329102, 27.342880382537842, 27.362126722335816, 27.19668580532074, 26.870268120765687, 26.35124827861786, 25.719402148723603, 25.51941151857376, 25.63490338563919, 25.92381848335266, 26.31150330543518, 26.732043280601502, 27.13499273300171, 27.487076892852784, 27.769623889923096, 27.971971406936646, 28.09274257659912, 28.15048493385315, 28.178780212402344, 28.215030326843262, 28.31265558242798, 28.5673898601532, 29.162631883621216, 30.281300678253174, 30.750300540924073, 30.791644229888917, 30.825018062591553, 30.84821523666382, 30.860025539398194, 30.855068817138672, 30.82965530395508, 30.7794419670105, 30.697336807250977, 30.397841110229493, 29.947849407196045, 29.438267841339112, 28.89249981880188, 28.82670654296875, 28.777023448944092, 28.72586072921753, 28.673576965332032, 28.620048418045045, 28.565302505493165, 28.50926317214966, 28.45187677383423, 28.393470420837403, 28.33410562515259, 28.273838653564454, 28.21276463508606, 28.152059688568116]","[26.995, 27.44, 27.19, 27.01, 26.97, 26.8, 25.37, 25.265, 25.83, 25.83, 26.26, 27.065, 27.18, 27.355, 27.615, 28.27, 28.05, 27.93, 28.22, 28.62, 28.26, 28.29, 29.41, 30.86, 31.36, 30.92, 30.29, 30.06, 30.56, 30.95, 31.18, 30.96, 30.89, 30.76, 30.59, 29.52, 28.66, 28.77, 28.86, 28.6, 29.29, 28.23, 27.93, 28.68, 28.99, 29.05, 28.95, 28.74, 28.08, 27.29]",27.38
38,"[27.45171178817749, 27.30206693649292, 27.152473106384278, 26.903940811157227, 26.40553726196289, 25.706347002983094, 25.49517980158329, 25.619291319847108, 25.955426528453827, 26.3873726272583, 26.829913749694825, 27.230442657470704, 27.563346281051636, 27.82698501586914, 28.01772536277771, 28.137549057006837, 28.20459879875183, 28.241629734039307, 28.280976905822754, 28.37524260520935, 28.636318340301514, 29.401927127838135, 30.706044807434083, 30.89332260131836, 30.929435863494874, 30.957317962646485, 30.97528184890747, 31.008287563323975, 31.03379072189331, 31.043568267822266, 31.033907070159913, 30.977385654449463, 30.672968997955323, 30.307335987091065, 29.89562334060669, 29.43561185836792, 29.039713277816773, 28.975314750671387, 28.90745367050171, 28.835873737335206, 28.76058711051941, 28.68160261154175, 28.598933115005494, 28.512592687606812, 28.422562494277955, 28.328827991485596, 28.231501951217652, 28.130622997283936, 28.02625407218933, 27.921570672988892]","[27.44, 27.19, 27.01, 26.97, 26.8, 25.37, 25.265, 25.83, 25.83, 26.26, 27.065, 27.18, 27.355, 27.615, 28.27, 28.05, 27.93, 28.22, 28.62, 28.26, 28.29, 29.41, 30.86, 31.36, 30.92, 30.29, 30.06, 30.56, 30.95, 31.18, 30.96, 30.89, 30.76, 30.59, 29.52, 28.66, 28.77, 28.86, 28.6, 29.29, 28.23, 27.93, 28.68, 28.99, 29.05, 28.95, 28.74, 28.08, 27.29, 27.38]",27.24
39,"[27.119243874549866, 27.168099060058594, 26.902061953544617, 26.323249711990357, 25.550698592662812, 25.306871666908265, 25.46786025106907, 25.847643687725068, 26.29332055091858, 26.71746160030365, 27.104975476264954, 27.435927286148072, 27.718586101531983, 27.927734031677247, 28.059199228286744, 28.123360052108765, 28.147893085479737, 28.176755084991456, 28.282768621444703, 28.59085597038269, 29.343962326049805, 30.720458641052247, 30.859555854797364, 30.81160749435425, 30.7619220161438, 30.711351528167725, 30.746863975524903, 30.784519329071045, 30.813412322998047, 30.83199562072754, 30.80209888458252, 30.44980396270752, 30.0379811668396, 29.609371795654297, 29.18988217353821, 28.903652324676514, 28.869305028915406, 28.83520115852356, 28.799648895263672, 28.761755361557007, 28.72043646812439, 28.674401416778565, 28.62214077949524, 28.5619229221344, 28.45374716758728, 28.277559175491334, 28.07110489845276, 27.83093680381775, 27.55429877281189, 27.284867420196534]","[27.19, 27.01, 26.97, 26.8, 25.37, 25.265, 25.83, 25.83, 26.26, 27.065, 27.18, 27.355, 27.615, 28.27, 28.05, 27.93, 28.22, 28.62, 28.26, 28.29, 29.41, 30.86, 31.36, 30.92, 30.29, 30.06, 30.56, 30.95, 31.18, 30.96, 30.89, 30.76, 30.59, 29.52, 28.66, 28.77, 28.86, 28.6, 29.29, 28.23, 27.93, 28.68, 28.99, 29.05, 28.95, 28.74, 28.08, 27.29, 27.38, 27.24]",27.725
40,"[26.928769006729127, 27.081577434539795, 26.405751361846924, 25.664265229701996, 25.390355035066605, 25.554331555366517, 25.936659767627717, 26.389874472618104, 26.827042951583863, 27.208999767303467, 27.524482383728028, 27.795701637268067, 27.995560541152955, 28.13062752723694, 28.20922769546509, 28.24801124572754, 28.283970727920533, 28.389543190002442, 28.69529308319092, 29.460027351379395, 30.773471488952637, 30.8514953994751, 30.834615364074708, 30.819988384246827, 30.80782522201538, 30.83799518585205, 30.8774267578125, 30.90767921447754, 30.926574363708497, 30.87373794555664, 30.552943840026856, 30.199722900390626, 29.839177265167237, 29.472961082458497, 29.106442584991456, 29.008224143981934, 28.926922931671143, 28.843723669052125, 28.758786334991456, 28.671313180923462, 28.580745115280152, 28.486702814102173, 28.388799324035645, 28.28093565940857, 28.159527196884156, 28.03145588874817, 27.89641655921936, 27.754253520965577, 27.61671961784363, 27.59112133026123]","[27.01, 26.97, 26.8, 25.37, 25.265, 25.83, 25.83, 26.26, 27.065, 27.18, 27.355, 27.615, 28.27, 28.05, 27.93, 28.22, 28.62, 28.26, 28.29, 29.41, 30.86, 31.36, 30.92, 30.29, 30.06, 30.56, 30.95, 31.18, 30.96, 30.89, 30.76, 30.59, 29.52, 28.66, 28.77, 28.86, 28.6, 29.29, 28.23, 27.93, 28.68, 28.99, 29.05, 28.95, 28.74, 28.08, 27.29, 27.38, 27.24, 27.725]",27.49
41,"[27.185962929725648, 26.414126648902894, 25.699307396411896, 25.42511393070221, 25.564325555562974, 25.945324494838715, 26.415164008140565, 26.870660915374756, 27.255843415260316, 27.54984296798706, 27.753654136657715, 27.88067258834839, 27.95174612045288, 27.993509902954102, 28.03891529083252, 28.12983383178711, 28.32265676498413, 28.70113386154175, 29.414685859680176, 30.51918519973755, 30.693490161895753, 30.699109687805176, 30.704743995666504, 30.712729110717774, 30.74444450378418, 30.76716817855835, 30.777299537658692, 30.770881309509278, 30.739790573120118, 30.495093955993653, 30.03817190170288, 29.511633529663087, 28.93854154586792, 28.801840915679932, 28.78640188217163, 28.76722682952881, 28.74406732559204, 28.716583862304688, 28.68525327682495, 28.648298873901368, 28.60525812149048, 28.55551399230957, 28.48328269958496, 28.295851364135743, 28.088418617248536, 27.86014331817627, 27.615312232971192, 27.520797863006592, 27.520425453186036, 27.52157367706299]","[26.97, 26.8, 25.37, 25.265, 25.83, 25.83, 26.26, 27.065, 27.18, 27.355, 27.615, 28.27, 28.05, 27.93, 28.22, 28.62, 28.26, 28.29, 29.41, 30.86, 31.36, 30.92, 30.29, 30.06, 30.56, 30.95, 31.18, 30.96, 30.89, 30.76, 30.59, 29.52, 28.66, 28.77, 28.86, 28.6, 29.29, 28.23, 27.93, 28.68, 28.99, 29.05, 28.95, 28.74, 28.08, 27.29, 27.38, 27.24, 27.725, 27.49]",27.0
42,"[26.776520385742188, 25.373126893639565, 25.358300983309746, 25.61223898768425, 25.969743325710297, 26.394154682159424, 26.831577672958375, 27.216449155807496, 27.524114980697632, 27.746833696365357, 27.90607656478882, 28.02831067085266, 28.1283873462677, 28.285628452301026, 28.462069883346558, 28.371488943099976, 28.25852288246155, 29.23892463684082, 30.68442310333252, 30.6752463722229, 30.605344905853272, 30.54086030960083, 30.51265157699585, 30.555831089019776, 30.594968929290772, 30.6287957572937, 30.656163349151612, 30.67604030609131, 30.57011236190796, 30.113018169403077, 29.544644012451172, 29.029766454696656, 28.85737027168274, 28.725235834121705, 28.608743085861207, 28.512812747955323, 28.45243681907654, 28.48267497062683, 28.69295515060425, 28.994321718215943, 29.041127576828003, 28.83991183280945, 28.478478803634644, 28.013844861984253, 27.535928382873536, 27.485044612884522, 27.47005452156067, 27.454845085144044, 27.439430131912232, 27.423820867538453]","[26.8, 25.37, 25.265, 25.83, 25.83, 26.26, 27.065, 27.18, 27.355, 27.615, 28.27, 28.05, 27.93, 28.22, 28.62, 28.26, 28.29, 29.41, 30.86, 31.36, 30.92, 30.29, 30.06, 30.56, 30.95, 31.18, 30.96, 30.89, 30.76, 30.59, 29.52, 28.66, 28.77, 28.86, 28.6, 29.29, 28.23, 27.93, 28.68, 28.99, 29.05, 28.95, 28.74, 28.08, 27.29, 27.38, 27.24, 27.725, 27.49, 27.0]",26.86
43,"[25.367208971977234, 25.523314728736878, 25.72848637342453, 26.01904727458954, 26.390097155570984, 26.80598701477051, 27.219384088516236, 27.58143271446228, 27.857198610305787, 28.049573316574097, 28.173659219741822, 28.257056608200074, 28.312388315200806, 28.344777717590333, 28.475049867630005, 28.950961484909058, 29.961892738342286, 31.152712955474854, 31.140431060791016, 31.029666080474854, 30.938483848571778, 30.872090950012208, 30.898841514587403, 30.94373764038086, 30.995412006378174, 31.050831451416016, 31.082326068878174, 30.781318798065186, 30.298947467803956, 29.723212852478028, 29.16857828140259, 28.869559421539307, 28.85565628051758, 28.84049500465393, 28.82121910095215, 28.79708374977112, 28.769326581954957, 28.737193479537964, 28.695505752563477, 28.64165629386902, 28.499718084335328, 28.321162357330323, 28.109390869140626, 27.86264623641968, 27.624683513641358, 27.494965686798096, 27.365155591964722, 27.22904266357422, 27.08678568840027, 26.979762210845948]","[25.37, 25.265, 25.83, 25.83, 26.26, 27.065, 27.18, 27.355, 27.615, 28.27, 28.05, 27.93, 28.22, 28.62, 28.26, 28.29, 29.41, 30.86, 31.36, 30.92, 30.29, 30.06, 30.56, 30.95, 31.18, 30.96, 30.89, 30.76, 30.59, 29.52, 28.66, 28.77, 28.86, 28.6, 29.29, 28.23, 27.93, 28.68, 28.99, 29.05, 28.95, 28.74, 28.08, 27.29, 27.38, 27.24, 27.725, 27.49, 27.0, 26.86]",27.72
44,"[25.279171317219735, 25.621504678726197, 25.948043360710145, 26.32940579891205, 26.771494641304017, 27.212487115859986, 27.56585062980652, 27.798980131149293, 27.925844326019288, 27.989420547485352, 28.026881351470948, 28.075720443725587, 28.165103330612183, 28.340772047042847, 28.708101406097413, 29.455752506256104, 30.45858777999878, 30.797923221588135, 30.684186115264893, 30.59238780975342, 30.53255475997925, 30.607467308044434, 30.691327228546143, 30.77921117782593, 30.864088191986085, 30.870178833007813, 30.65523733139038, 30.201005115509034, 29.669415130615235, 29.07222165107727, 28.922294988632203, 28.896386995315552, 28.869705333709717, 28.842282667160035, 28.813891305923462, 28.785137548446656, 28.75716103553772, 28.72598828315735, 28.69146050453186, 28.57232035636902, 28.367628469467164, 28.142634525299073, 27.89757956504822, 27.636869564056397, 27.437955989837647, 27.393279447555543, 27.357323303222657, 27.32117618560791, 27.310505285263062, 27.31056679725647]","[25.265, 25.83, 25.83, 26.26, 27.065, 27.18, 27.355, 27.615, 28.27, 28.05, 27.93, 28.22, 28.62, 28.26, 28.29, 29.41, 30.86, 31.36, 30.92, 30.29, 30.06, 30.56, 30.95, 31.18, 30.96, 30.89, 30.76, 30.59, 29.52, 28.66, 28.77, 28.86, 28.6, 29.29, 28.23, 27.93, 28.68, 28.99, 29.05, 28.95, 28.74, 28.08, 27.29, 27.38, 27.24, 27.725, 27.49, 27.0, 26.86, 27.72]",27.48
45,"[25.642475234270094, 25.984518157243727, 26.412531332969664, 26.931913690567015, 27.3947577047348, 27.636111216545103, 27.72510977268219, 27.784661965370177, 27.880601959228514, 28.036962585449217, 28.256613330841063, 28.531083183288573, 28.845358448028563, 29.253819065093992, 29.664547996520994, 30.038472251892088, 30.35403163909912, 30.555043296813963, 30.712071018218992, 30.828829841613768, 30.913823204040526, 30.961542205810545, 30.97084243774414, 30.94268329620361, 30.836770133972166, 30.567717628479002, 30.13963897705078, 29.622064905166624, 29.045101718902586, 28.80777771949768, 28.77964551925659, 28.75935276031494, 28.748161392211912, 28.745638923645018, 28.75100954055786, 28.760712699890135, 28.76488049507141, 28.744561748504637, 28.66110451698303, 28.446620540618895, 28.032255249023436, 27.604290084838865, 27.446659998893736, 27.382226305007933, 27.382149415016173, 27.381979303359984, 27.381726460456846, 27.381399588584898, 27.381006913185118, 27.380556421279906]","[25.83, 25.83, 26.26, 27.065, 27.18, 27.355, 27.615, 28.27, 28.05, 27.93, 28.22, 28.62, 28.26, 28.29, 29.41, 30.86, 31.36, 30.92, 30.29, 30.06, 30.56, 30.95, 31.18, 30.96, 30.89, 30.76, 30.59, 29.52, 28.66, 28.77, 28.86, 28.6, 29.29, 28.23, 27.93, 28.68, 28.99, 29.05, 28.95, 28.74, 28.08, 27.29, 27.38, 27.24, 27.725, 27.49, 27.0, 26.86, 27.72, 27.48]",27.92
46,"[25.728414835333822, 26.32682343006134, 26.839676575660704, 27.24837203502655, 27.546213703155516, 27.740884737968443, 27.855313854217528, 27.925594406127928, 27.99555595397949, 28.108422355651854, 28.300146417617796, 28.60072238922119, 29.037947492599486, 29.619483308792113, 30.180035667419432, 30.598883228302, 30.729294853210448, 30.824500160217283, 30.889775352478026, 30.93669994354248, 30.959981040954588, 30.960501747131346, 30.937582092285155, 30.88853796005249, 30.662919120788573, 30.311310844421385, 29.771686391830443, 29.092149572372435, 28.977140502929686, 28.96157558441162, 28.949553327560423, 28.942019777297972, 28.939155416488646, 28.940431194305418, 28.941853837966917, 28.934546308517454, 28.904516057968138, 28.801502065658568, 28.600590543746947, 28.252336816787718, 27.773261981010435, 27.610956506729124, 27.592136816978453, 27.59292884349823, 27.59361560821533, 27.594211535453795, 27.59472985744476, 27.595180826187132, 27.59557409763336, 27.595917420387266]","[25.83, 26.26, 27.065, 27.18, 27.355, 27.615, 28.27, 28.05, 27.93, 28.22, 28.62, 28.26, 28.29, 29.41, 30.86, 31.36, 30.92, 30.29, 30.06, 30.56, 30.95, 31.18, 30.96, 30.89, 30.76, 30.59, 29.52, 28.66, 28.77, 28.86, 28.6, 29.29, 28.23, 27.93, 28.68, 28.99, 29.05, 28.95, 28.74, 28.08, 27.29, 27.38, 27.24, 27.725, 27.49, 27.0, 26.86, 27.72, 27.48, 27.92]",28.28
47,"[26.424069294929506, 26.82216835975647, 27.14319218158722, 27.40138460159302, 27.659912238121034, 27.939587721824648, 28.097834239006044, 28.06098366737366, 27.98822988033295, 28.18893385887146, 28.583819398880006, 29.116229066848756, 29.63599539756775, 30.114265689849855, 30.431245574951173, 30.621817359924318, 30.767248401641847, 30.870552310943605, 30.93419481277466, 30.959582099914552, 30.946551570892336, 30.893760929107668, 30.791789779663088, 30.585318813323976, 30.255715618133546, 29.703525791168214, 29.09789873123169, 29.000181207656862, 28.906392822265627, 28.8050918674469, 28.69656635284424, 28.585443267822267, 28.49294472694397, 28.482241878509523, 28.60511971473694, 28.812170276641847, 28.895513782501222, 28.792209396362306, 28.461630592346193, 27.919239888191225, 27.470488200187685, 27.445358285903932, 27.450152883529665, 27.454864988327028, 27.459183940887453, 27.463144669532777, 27.466778526306154, 27.470114479064943, 27.473179111480714, 27.475995311737062]","[26.26, 27.065, 27.18, 27.355, 27.615, 28.27, 28.05, 27.93, 28.22, 28.62, 28.26, 28.29, 29.41, 30.86, 31.36, 30.92, 30.29, 30.06, 30.56, 30.95, 31.18, 30.96, 30.89, 30.76, 30.59, 29.52, 28.66, 28.77, 28.86, 28.6, 29.29, 28.23, 27.93, 28.68, 28.99, 29.05, 28.95, 28.74, 28.08, 27.29, 27.38, 27.24, 27.725, 27.49, 27.0, 26.86, 27.72, 27.48, 27.92, 28.28]",28.0
48,"[27.03240485548973, 27.175791100263595, 27.433100805282592, 27.75616620540619, 28.05418168067932, 28.245453462600707, 28.30347620010376, 28.28292022705078, 28.31035934448242, 28.52233730316162, 28.988039598464965, 29.681906089782714, 30.273652420043945, 30.627353296279907, 30.697483406066894, 30.71394239425659, 30.713643417358398, 30.719428882598876, 30.739115104675292, 30.7728897190094, 30.810007915496826, 30.815280780792236, 30.659338817596435, 30.210692749023437, 29.390163764953613, 28.866794691085815, 28.805062160491943, 28.738786206245422, 28.676957592964172, 28.630978331565856, 28.60203646183014, 28.63120518684387, 28.716749415397643, 28.819832072257995, 28.893676385879516, 28.84507761955261, 28.518942461013793, 27.89529107570648, 27.321339622735977, 27.298577085733413, 27.329336360692977, 27.381390557289123, 27.44403193950653, 27.507923231124877, 27.572918758392333, 27.638873801231384, 27.70623062610626, 27.77425836086273, 27.842184648513793, 27.90163658618927]","[27.065, 27.18, 27.355, 27.615, 28.27, 28.05, 27.93, 28.22, 28.62, 28.26, 28.29, 29.41, 30.86, 31.36, 30.92, 30.29, 30.06, 30.56, 30.95, 31.18, 30.96, 30.89, 30.76, 30.59, 29.52, 28.66, 28.77, 28.86, 28.6, 29.29, 28.23, 27.93, 28.68, 28.99, 29.05, 28.95, 28.74, 28.08, 27.29, 27.38, 27.24, 27.725, 27.49, 27.0, 26.86, 27.72, 27.48, 27.92, 28.28, 28.0]",28.55
49,"[27.252710596323013, 27.44615344762802, 27.696139261722564, 27.95089457988739, 28.122939929962158, 28.18869279384613, 28.199234828948974, 28.24046419620514, 28.278241024017333, 28.610000476837158, 29.602562770843505, 30.499583110809326, 30.884062633514404, 30.888622150421142, 30.75179468154907, 30.65151725769043, 30.65411220550537, 30.724777088165283, 30.838249311447143, 30.95633684158325, 31.019865379333496, 30.932211742401122, 30.479245767593383, 29.638095245361328, 28.833663091659545, 28.79603467941284, 28.75414894580841, 28.707246527671813, 28.657085523605346, 28.60463963508606, 28.58036838531494, 28.73280535697937, 28.862994775772094, 28.902017936706542, 28.746355876922607, 28.450293765068054, 27.97502182483673, 27.476975545883178, 27.41022668838501, 27.388222918510436, 27.370489284992217, 27.357017979621887, 27.348753616809844, 27.36020545721054, 27.50090597629547, 27.650864884853362, 27.80597953557968, 27.965390787124633, 28.127367601394653, 28.27699242591858]","[27.18, 27.355, 27.615, 28.27, 28.05, 27.93, 28.22, 28.62, 28.26, 28.29, 29.41, 30.86, 31.36, 30.92, 30.29, 30.06, 30.56, 30.95, 31.18, 30.96, 30.89, 30.76, 30.59, 29.52, 28.66, 28.77, 28.86, 28.6, 29.29, 28.23, 27.93, 28.68, 28.99, 29.05, 28.95, 28.74, 28.08, 27.29, 27.38, 27.24, 27.725, 27.49, 27.0, 26.86, 27.72, 27.48, 27.92, 28.28, 28.0, 28.55]",29.04
